calibration_reviewer_name,conversation_external_id,rating_category_name,rating_value,rating_max
Annotator1,00cef68a-8716-457f-929a-9791d52d96f4,"Is this fluent, human-written Estonian?",2.0,3
Annotator1,00cef68a-8716-457f-929a-9791d52d96f4,Does the content make sense?,1.0,1
Annotator2,00cef68a-8716-457f-929a-9791d52d96f4,"Is this fluent, human-written Estonian?",2.0,3
Annotator2,00cef68a-8716-457f-929a-9791d52d96f4,Does the content make sense?,0.0,1
Annotator4,00cef68a-8716-457f-929a-9791d52d96f4,"Is this fluent, human-written Estonian?",2.0,3
Annotator4,00cef68a-8716-457f-929a-9791d52d96f4,Does the content make sense?,1.0,1
Annotator5,00cef68a-8716-457f-929a-9791d52d96f4,"Is this fluent, human-written Estonian?",1.0,3
Annotator5,00cef68a-8716-457f-929a-9791d52d96f4,Does the content make sense?,1.0,1
Annotator1,0430a788-85d6-4c4b-bffc-075e24110818,"Is this fluent, human-written Estonian?",2.0,3
Annotator1,0430a788-85d6-4c4b-bffc-075e24110818,Does the content make sense?,1.0,1
Annotator2,0430a788-85d6-4c4b-bffc-075e24110818,"Is this fluent, human-written Estonian?",2.0,3
Annotator2,0430a788-85d6-4c4b-bffc-075e24110818,Does the content make sense?,1.0,1
Annotator4,0430a788-85d6-4c4b-bffc-075e24110818,Does the content make sense?,1.0,1
Annotator4,0430a788-85d6-4c4b-bffc-075e24110818,"Is this fluent, human-written Estonian?",1.0,3
Annotator5,0430a788-85d6-4c4b-bffc-075e24110818,Does the content make sense?,1.0,1
Annotator5,0430a788-85d6-4c4b-bffc-075e24110818,"Is this fluent, human-written Estonian?",2.0,3
Annotator1,058262f3-c086-4c13-8e81-878f86640711,Does the content make sense?,1.0,1
Annotator1,058262f3-c086-4c13-8e81-878f86640711,"Is this fluent, human-written Estonian?",2.0,3
Annotator2,058262f3-c086-4c13-8e81-878f86640711,"Is this fluent, human-written Estonian?",1.0,3
Annotator2,058262f3-c086-4c13-8e81-878f86640711,Does the content make sense?,1.0,1
Annotator4,058262f3-c086-4c13-8e81-878f86640711,Does the content make sense?,0.0,1
Annotator4,058262f3-c086-4c13-8e81-878f86640711,"Is this fluent, human-written Estonian?",2.0,3
Annotator5,058262f3-c086-4c13-8e81-878f86640711,"Is this fluent, human-written Estonian?",1.0,3
Annotator5,058262f3-c086-4c13-8e81-878f86640711,Does the content make sense?,1.0,1
Annotator1,0726796f-3f2f-4a05-a777-83b53db14663,Does the content make sense?,1.0,1
Annotator1,0726796f-3f2f-4a05-a777-83b53db14663,"Is this fluent, human-written Estonian?",2.0,3
Annotator2,0726796f-3f2f-4a05-a777-83b53db14663,"Is this fluent, human-written Estonian?",3.0,3
Annotator2,0726796f-3f2f-4a05-a777-83b53db14663,Does the content make sense?,1.0,1
Annotator4,0726796f-3f2f-4a05-a777-83b53db14663,Does the content make sense?,1.0,1
Annotator4,0726796f-3f2f-4a05-a777-83b53db14663,"Is this fluent, human-written Estonian?",2.0,3
Annotator5,0726796f-3f2f-4a05-a777-83b53db14663,"Is this fluent, human-written Estonian?",2.0,3
Annotator5,0726796f-3f2f-4a05-a777-83b53db14663,Does the content make sense?,0.0,1
Annotator1,082fc369-2c1a-4d75-8df1-7071f8dea806,Does the content make sense?,1.0,1
Annotator1,082fc369-2c1a-4d75-8df1-7071f8dea806,"Is this fluent, human-written Estonian?",1.0,3
Annotator2,082fc369-2c1a-4d75-8df1-7071f8dea806,"Is this fluent, human-written Estonian?",2.0,3
Annotator2,082fc369-2c1a-4d75-8df1-7071f8dea806,Does the content make sense?,0.0,1
Annotator4,082fc369-2c1a-4d75-8df1-7071f8dea806,Does the content make sense?,1.0,1
Annotator4,082fc369-2c1a-4d75-8df1-7071f8dea806,"Is this fluent, human-written Estonian?",0.0,3
Annotator5,082fc369-2c1a-4d75-8df1-7071f8dea806,Does the content make sense?,1.0,1
Annotator5,082fc369-2c1a-4d75-8df1-7071f8dea806,"Is this fluent, human-written Estonian?",0.0,3
Annotator1,0c9fcd18-3dd4-48c3-980e-63e1d60c14ad,Does the content make sense?,1.0,1
Annotator1,0c9fcd18-3dd4-48c3-980e-63e1d60c14ad,"Is this fluent, human-written Estonian?",3.0,3
Annotator2,0c9fcd18-3dd4-48c3-980e-63e1d60c14ad,Does the content make sense?,1.0,1
Annotator2,0c9fcd18-3dd4-48c3-980e-63e1d60c14ad,"Is this fluent, human-written Estonian?",,3
Annotator4,0c9fcd18-3dd4-48c3-980e-63e1d60c14ad,Does the content make sense?,1.0,1
Annotator4,0c9fcd18-3dd4-48c3-980e-63e1d60c14ad,"Is this fluent, human-written Estonian?",3.0,3
Annotator5,0c9fcd18-3dd4-48c3-980e-63e1d60c14ad,"Is this fluent, human-written Estonian?",2.0,3
Annotator5,0c9fcd18-3dd4-48c3-980e-63e1d60c14ad,Does the content make sense?,0.0,1
Annotator1,0cccb2b2-bd38-41fe-aa8c-b827c4c768af,Does the content make sense?,1.0,1
Annotator1,0cccb2b2-bd38-41fe-aa8c-b827c4c768af,"Is this fluent, human-written Estonian?",2.0,3
Annotator2,0cccb2b2-bd38-41fe-aa8c-b827c4c768af,Does the content make sense?,1.0,1
Annotator2,0cccb2b2-bd38-41fe-aa8c-b827c4c768af,"Is this fluent, human-written Estonian?",2.0,3
Annotator4,0cccb2b2-bd38-41fe-aa8c-b827c4c768af,"Is this fluent, human-written Estonian?",1.0,3
Annotator4,0cccb2b2-bd38-41fe-aa8c-b827c4c768af,Does the content make sense?,1.0,1
Annotator5,0cccb2b2-bd38-41fe-aa8c-b827c4c768af,"Is this fluent, human-written Estonian?",0.0,3
Annotator5,0cccb2b2-bd38-41fe-aa8c-b827c4c768af,Does the content make sense?,1.0,1
Annotator1,0e99f419-bc46-4f71-b698-967ef8426790,Does the content make sense?,0.0,1
Annotator1,0e99f419-bc46-4f71-b698-967ef8426790,"Is this fluent, human-written Estonian?",3.0,3
Annotator2,0e99f419-bc46-4f71-b698-967ef8426790,Does the content make sense?,1.0,1
Annotator2,0e99f419-bc46-4f71-b698-967ef8426790,"Is this fluent, human-written Estonian?",2.0,3
Annotator4,0e99f419-bc46-4f71-b698-967ef8426790,"Is this fluent, human-written Estonian?",2.0,3
Annotator4,0e99f419-bc46-4f71-b698-967ef8426790,Does the content make sense?,1.0,1
Annotator5,0e99f419-bc46-4f71-b698-967ef8426790,Does the content make sense?,1.0,1
Annotator5,0e99f419-bc46-4f71-b698-967ef8426790,"Is this fluent, human-written Estonian?",1.0,3
Annotator1,1450d272-15b1-4680-8310-7c496431d759,Does the content make sense?,1.0,1
Annotator1,1450d272-15b1-4680-8310-7c496431d759,"Is this fluent, human-written Estonian?",2.0,3
Annotator2,1450d272-15b1-4680-8310-7c496431d759,Does the content make sense?,1.0,1
Annotator2,1450d272-15b1-4680-8310-7c496431d759,"Is this fluent, human-written Estonian?",2.0,3
Annotator4,1450d272-15b1-4680-8310-7c496431d759,Does the content make sense?,1.0,1
Annotator4,1450d272-15b1-4680-8310-7c496431d759,"Is this fluent, human-written Estonian?",3.0,3
Annotator5,1450d272-15b1-4680-8310-7c496431d759,"Is this fluent, human-written Estonian?",2.0,3
Annotator5,1450d272-15b1-4680-8310-7c496431d759,Does the content make sense?,1.0,1
Annotator1,15451eaa-47aa-4a09-8d3c-9c89af52e1e7,Does the content make sense?,1.0,1
Annotator1,15451eaa-47aa-4a09-8d3c-9c89af52e1e7,"Is this fluent, human-written Estonian?",3.0,3
Annotator2,15451eaa-47aa-4a09-8d3c-9c89af52e1e7,"Is this fluent, human-written Estonian?",2.0,3
Annotator2,15451eaa-47aa-4a09-8d3c-9c89af52e1e7,Does the content make sense?,1.0,1
Annotator4,15451eaa-47aa-4a09-8d3c-9c89af52e1e7,"Is this fluent, human-written Estonian?",2.0,3
Annotator4,15451eaa-47aa-4a09-8d3c-9c89af52e1e7,Does the content make sense?,1.0,1
Annotator5,15451eaa-47aa-4a09-8d3c-9c89af52e1e7,"Is this fluent, human-written Estonian?",3.0,3
Annotator5,15451eaa-47aa-4a09-8d3c-9c89af52e1e7,Does the content make sense?,1.0,1
Annotator1,188bb501-5d63-49fb-8a4e-971c9f3941b3,"Is this fluent, human-written Estonian?",3.0,3
Annotator1,188bb501-5d63-49fb-8a4e-971c9f3941b3,Does the content make sense?,1.0,1
Annotator2,188bb501-5d63-49fb-8a4e-971c9f3941b3,Does the content make sense?,1.0,1
Annotator2,188bb501-5d63-49fb-8a4e-971c9f3941b3,"Is this fluent, human-written Estonian?",3.0,3
Annotator4,188bb501-5d63-49fb-8a4e-971c9f3941b3,Does the content make sense?,1.0,1
Annotator4,188bb501-5d63-49fb-8a4e-971c9f3941b3,"Is this fluent, human-written Estonian?",2.0,3
Annotator5,188bb501-5d63-49fb-8a4e-971c9f3941b3,Does the content make sense?,1.0,1
Annotator5,188bb501-5d63-49fb-8a4e-971c9f3941b3,"Is this fluent, human-written Estonian?",2.0,3
Annotator1,1949eee8-8e2d-49a3-8ac6-455dd5a15f59,Does the content make sense?,0.0,1
Annotator1,1949eee8-8e2d-49a3-8ac6-455dd5a15f59,"Is this fluent, human-written Estonian?",3.0,3
Annotator2,1949eee8-8e2d-49a3-8ac6-455dd5a15f59,Does the content make sense?,0.0,1
Annotator2,1949eee8-8e2d-49a3-8ac6-455dd5a15f59,"Is this fluent, human-written Estonian?",1.0,3
Annotator4,1949eee8-8e2d-49a3-8ac6-455dd5a15f59,Does the content make sense?,1.0,1
Annotator4,1949eee8-8e2d-49a3-8ac6-455dd5a15f59,"Is this fluent, human-written Estonian?",1.0,3
Annotator5,1949eee8-8e2d-49a3-8ac6-455dd5a15f59,"Is this fluent, human-written Estonian?",1.0,3
Annotator5,1949eee8-8e2d-49a3-8ac6-455dd5a15f59,Does the content make sense?,0.0,1
Annotator1,1b099f4c-099d-43ee-b298-e30c2486628a,"Is this fluent, human-written Estonian?",2.0,3
Annotator1,1b099f4c-099d-43ee-b298-e30c2486628a,Does the content make sense?,0.0,1
Annotator2,1b099f4c-099d-43ee-b298-e30c2486628a,Does the content make sense?,0.0,1
Annotator2,1b099f4c-099d-43ee-b298-e30c2486628a,"Is this fluent, human-written Estonian?",2.0,3
Annotator4,1b099f4c-099d-43ee-b298-e30c2486628a,"Is this fluent, human-written Estonian?",2.0,3
Annotator4,1b099f4c-099d-43ee-b298-e30c2486628a,Does the content make sense?,0.0,1
Annotator5,1b099f4c-099d-43ee-b298-e30c2486628a,Does the content make sense?,0.0,1
Annotator5,1b099f4c-099d-43ee-b298-e30c2486628a,"Is this fluent, human-written Estonian?",1.0,3
Annotator1,1b0da3b7-65ba-4c74-b381-49abea08ec19,"Is this fluent, human-written Estonian?",2.0,3
Annotator1,1b0da3b7-65ba-4c74-b381-49abea08ec19,Does the content make sense?,1.0,1
Annotator2,1b0da3b7-65ba-4c74-b381-49abea08ec19,"Is this fluent, human-written Estonian?",1.0,3
Annotator2,1b0da3b7-65ba-4c74-b381-49abea08ec19,Does the content make sense?,1.0,1
Annotator4,1b0da3b7-65ba-4c74-b381-49abea08ec19,"Is this fluent, human-written Estonian?",2.0,3
Annotator4,1b0da3b7-65ba-4c74-b381-49abea08ec19,Does the content make sense?,1.0,1
Annotator5,1b0da3b7-65ba-4c74-b381-49abea08ec19,"Is this fluent, human-written Estonian?",0.0,3
Annotator5,1b0da3b7-65ba-4c74-b381-49abea08ec19,Does the content make sense?,0.0,1
Annotator1,1d3c003d-591a-4a74-9bbd-1814a666ae29,Does the content make sense?,0.0,1
Annotator1,1d3c003d-591a-4a74-9bbd-1814a666ae29,"Is this fluent, human-written Estonian?",1.0,3
Annotator2,1d3c003d-591a-4a74-9bbd-1814a666ae29,Does the content make sense?,1.0,1
Annotator2,1d3c003d-591a-4a74-9bbd-1814a666ae29,"Is this fluent, human-written Estonian?",1.0,3
Annotator4,1d3c003d-591a-4a74-9bbd-1814a666ae29,"Is this fluent, human-written Estonian?",1.0,3
Annotator4,1d3c003d-591a-4a74-9bbd-1814a666ae29,Does the content make sense?,1.0,1
Annotator5,1d3c003d-591a-4a74-9bbd-1814a666ae29,"Is this fluent, human-written Estonian?",1.0,3
Annotator5,1d3c003d-591a-4a74-9bbd-1814a666ae29,Does the content make sense?,0.0,1
Annotator1,1e33000a-4c5b-4bfd-b622-f91e8a9cd2ec,"Is this fluent, human-written Estonian?",3.0,3
Annotator1,1e33000a-4c5b-4bfd-b622-f91e8a9cd2ec,Does the content make sense?,1.0,1
Annotator2,1e33000a-4c5b-4bfd-b622-f91e8a9cd2ec,Does the content make sense?,1.0,1
Annotator2,1e33000a-4c5b-4bfd-b622-f91e8a9cd2ec,"Is this fluent, human-written Estonian?",3.0,3
Annotator4,1e33000a-4c5b-4bfd-b622-f91e8a9cd2ec,"Is this fluent, human-written Estonian?",3.0,3
Annotator4,1e33000a-4c5b-4bfd-b622-f91e8a9cd2ec,Does the content make sense?,1.0,1
Annotator5,1e33000a-4c5b-4bfd-b622-f91e8a9cd2ec,"Is this fluent, human-written Estonian?",2.0,3
Annotator5,1e33000a-4c5b-4bfd-b622-f91e8a9cd2ec,Does the content make sense?,1.0,1
Annotator1,1e6bb177-8128-4fae-a9d1-9d1ab5f1c803,Does the content make sense?,1.0,1
Annotator1,1e6bb177-8128-4fae-a9d1-9d1ab5f1c803,"Is this fluent, human-written Estonian?",2.0,3
Annotator2,1e6bb177-8128-4fae-a9d1-9d1ab5f1c803,"Is this fluent, human-written Estonian?",2.0,3
Annotator2,1e6bb177-8128-4fae-a9d1-9d1ab5f1c803,Does the content make sense?,0.0,1
Annotator4,1e6bb177-8128-4fae-a9d1-9d1ab5f1c803,"Is this fluent, human-written Estonian?",2.0,3
Annotator4,1e6bb177-8128-4fae-a9d1-9d1ab5f1c803,Does the content make sense?,0.0,1
Annotator5,1e6bb177-8128-4fae-a9d1-9d1ab5f1c803,"Is this fluent, human-written Estonian?",1.0,3
Annotator5,1e6bb177-8128-4fae-a9d1-9d1ab5f1c803,Does the content make sense?,1.0,1
Annotator1,1ff4e400-670b-4db4-b26d-126edd783238,Does the content make sense?,1.0,1
Annotator1,1ff4e400-670b-4db4-b26d-126edd783238,"Is this fluent, human-written Estonian?",3.0,3
Annotator2,1ff4e400-670b-4db4-b26d-126edd783238,"Is this fluent, human-written Estonian?",3.0,3
Annotator2,1ff4e400-670b-4db4-b26d-126edd783238,Does the content make sense?,0.0,1
Annotator4,1ff4e400-670b-4db4-b26d-126edd783238,Does the content make sense?,1.0,1
Annotator4,1ff4e400-670b-4db4-b26d-126edd783238,"Is this fluent, human-written Estonian?",2.0,3
Annotator5,1ff4e400-670b-4db4-b26d-126edd783238,Does the content make sense?,1.0,1
Annotator5,1ff4e400-670b-4db4-b26d-126edd783238,"Is this fluent, human-written Estonian?",2.0,3
Annotator1,26bed5e1-7735-495e-a767-68282502ddb0,"Is this fluent, human-written Estonian?",3.0,3
Annotator1,26bed5e1-7735-495e-a767-68282502ddb0,Does the content make sense?,1.0,1
Annotator2,26bed5e1-7735-495e-a767-68282502ddb0,"Is this fluent, human-written Estonian?",3.0,3
Annotator2,26bed5e1-7735-495e-a767-68282502ddb0,Does the content make sense?,1.0,1
Annotator4,26bed5e1-7735-495e-a767-68282502ddb0,"Is this fluent, human-written Estonian?",3.0,3
Annotator4,26bed5e1-7735-495e-a767-68282502ddb0,Does the content make sense?,1.0,1
Annotator5,26bed5e1-7735-495e-a767-68282502ddb0,Does the content make sense?,1.0,1
Annotator5,26bed5e1-7735-495e-a767-68282502ddb0,"Is this fluent, human-written Estonian?",1.0,3
Annotator1,2793b379-2d55-4b87-aa22-9a016afc95ec,Does the content make sense?,1.0,1
Annotator1,2793b379-2d55-4b87-aa22-9a016afc95ec,"Is this fluent, human-written Estonian?",3.0,3
Annotator2,2793b379-2d55-4b87-aa22-9a016afc95ec,"Is this fluent, human-written Estonian?",2.0,3
Annotator2,2793b379-2d55-4b87-aa22-9a016afc95ec,Does the content make sense?,1.0,1
Annotator4,2793b379-2d55-4b87-aa22-9a016afc95ec,"Is this fluent, human-written Estonian?",3.0,3
Annotator4,2793b379-2d55-4b87-aa22-9a016afc95ec,Does the content make sense?,1.0,1
Annotator5,2793b379-2d55-4b87-aa22-9a016afc95ec,"Is this fluent, human-written Estonian?",1.0,3
Annotator5,2793b379-2d55-4b87-aa22-9a016afc95ec,Does the content make sense?,1.0,1
Annotator1,27c70814-2179-45c4-a3b0-1ffae1b1975a,Does the content make sense?,1.0,1
Annotator1,27c70814-2179-45c4-a3b0-1ffae1b1975a,"Is this fluent, human-written Estonian?",3.0,3
Annotator2,27c70814-2179-45c4-a3b0-1ffae1b1975a,"Is this fluent, human-written Estonian?",3.0,3
Annotator2,27c70814-2179-45c4-a3b0-1ffae1b1975a,Does the content make sense?,1.0,1
Annotator4,27c70814-2179-45c4-a3b0-1ffae1b1975a,Does the content make sense?,1.0,1
Annotator4,27c70814-2179-45c4-a3b0-1ffae1b1975a,"Is this fluent, human-written Estonian?",2.0,3
Annotator5,27c70814-2179-45c4-a3b0-1ffae1b1975a,"Is this fluent, human-written Estonian?",2.0,3
Annotator5,27c70814-2179-45c4-a3b0-1ffae1b1975a,Does the content make sense?,1.0,1
Annotator1,2b6a582d-6e1a-4b41-93fc-90710ae718d3,Does the content make sense?,0.0,1
Annotator1,2b6a582d-6e1a-4b41-93fc-90710ae718d3,"Is this fluent, human-written Estonian?",1.0,3
Annotator2,2b6a582d-6e1a-4b41-93fc-90710ae718d3,"Is this fluent, human-written Estonian?",2.0,3
Annotator2,2b6a582d-6e1a-4b41-93fc-90710ae718d3,Does the content make sense?,0.0,1
Annotator4,2b6a582d-6e1a-4b41-93fc-90710ae718d3,"Is this fluent, human-written Estonian?",1.0,3
Annotator4,2b6a582d-6e1a-4b41-93fc-90710ae718d3,Does the content make sense?,0.0,1
Annotator5,2b6a582d-6e1a-4b41-93fc-90710ae718d3,"Is this fluent, human-written Estonian?",1.0,3
Annotator5,2b6a582d-6e1a-4b41-93fc-90710ae718d3,Does the content make sense?,1.0,1
Annotator1,2c071eef-cd9c-42f9-831e-b68f67282984,Does the content make sense?,0.0,1
Annotator1,2c071eef-cd9c-42f9-831e-b68f67282984,"Is this fluent, human-written Estonian?",2.0,3
Annotator2,2c071eef-cd9c-42f9-831e-b68f67282984,Does the content make sense?,0.0,1
Annotator2,2c071eef-cd9c-42f9-831e-b68f67282984,"Is this fluent, human-written Estonian?",1.0,3
Annotator4,2c071eef-cd9c-42f9-831e-b68f67282984,Does the content make sense?,0.0,1
Annotator4,2c071eef-cd9c-42f9-831e-b68f67282984,"Is this fluent, human-written Estonian?",2.0,3
Annotator5,2c071eef-cd9c-42f9-831e-b68f67282984,Does the content make sense?,0.0,1
Annotator5,2c071eef-cd9c-42f9-831e-b68f67282984,"Is this fluent, human-written Estonian?",2.0,3
Annotator1,2ce6c9a2-27a7-4b14-89e6-af0180d24d70,Does the content make sense?,1.0,1
Annotator1,2ce6c9a2-27a7-4b14-89e6-af0180d24d70,"Is this fluent, human-written Estonian?",3.0,3
Annotator2,2ce6c9a2-27a7-4b14-89e6-af0180d24d70,Does the content make sense?,1.0,1
Annotator2,2ce6c9a2-27a7-4b14-89e6-af0180d24d70,"Is this fluent, human-written Estonian?",3.0,3
Annotator4,2ce6c9a2-27a7-4b14-89e6-af0180d24d70,"Is this fluent, human-written Estonian?",3.0,3
Annotator4,2ce6c9a2-27a7-4b14-89e6-af0180d24d70,Does the content make sense?,1.0,1
Annotator5,2ce6c9a2-27a7-4b14-89e6-af0180d24d70,Does the content make sense?,1.0,1
Annotator5,2ce6c9a2-27a7-4b14-89e6-af0180d24d70,"Is this fluent, human-written Estonian?",2.0,3
Annotator1,31fffcdd-74f3-4e6c-bd1e-7e38e754f6e6,Does the content make sense?,1.0,1
Annotator1,31fffcdd-74f3-4e6c-bd1e-7e38e754f6e6,"Is this fluent, human-written Estonian?",2.0,3
Annotator2,31fffcdd-74f3-4e6c-bd1e-7e38e754f6e6,"Is this fluent, human-written Estonian?",3.0,3
Annotator2,31fffcdd-74f3-4e6c-bd1e-7e38e754f6e6,Does the content make sense?,1.0,1
Annotator4,31fffcdd-74f3-4e6c-bd1e-7e38e754f6e6,"Is this fluent, human-written Estonian?",2.0,3
Annotator4,31fffcdd-74f3-4e6c-bd1e-7e38e754f6e6,Does the content make sense?,1.0,1
Annotator5,31fffcdd-74f3-4e6c-bd1e-7e38e754f6e6,"Is this fluent, human-written Estonian?",2.0,3
Annotator5,31fffcdd-74f3-4e6c-bd1e-7e38e754f6e6,Does the content make sense?,1.0,1
Annotator1,32ccd6cd-33e6-4e15-884d-09b3ac384449,Does the content make sense?,1.0,1
Annotator1,32ccd6cd-33e6-4e15-884d-09b3ac384449,"Is this fluent, human-written Estonian?",3.0,3
Annotator2,32ccd6cd-33e6-4e15-884d-09b3ac384449,Does the content make sense?,1.0,1
Annotator2,32ccd6cd-33e6-4e15-884d-09b3ac384449,"Is this fluent, human-written Estonian?",3.0,3
Annotator4,32ccd6cd-33e6-4e15-884d-09b3ac384449,Does the content make sense?,1.0,1
Annotator4,32ccd6cd-33e6-4e15-884d-09b3ac384449,"Is this fluent, human-written Estonian?",3.0,3
Annotator5,32ccd6cd-33e6-4e15-884d-09b3ac384449,Does the content make sense?,1.0,1
Annotator5,32ccd6cd-33e6-4e15-884d-09b3ac384449,"Is this fluent, human-written Estonian?",2.0,3
Annotator1,3842cfb5-75db-49b9-8f29-3fab33b0bc35,Does the content make sense?,0.0,1
Annotator1,3842cfb5-75db-49b9-8f29-3fab33b0bc35,"Is this fluent, human-written Estonian?",1.0,3
Annotator2,3842cfb5-75db-49b9-8f29-3fab33b0bc35,Does the content make sense?,0.0,1
Annotator2,3842cfb5-75db-49b9-8f29-3fab33b0bc35,"Is this fluent, human-written Estonian?",1.0,3
Annotator4,3842cfb5-75db-49b9-8f29-3fab33b0bc35,"Is this fluent, human-written Estonian?",1.0,3
Annotator4,3842cfb5-75db-49b9-8f29-3fab33b0bc35,Does the content make sense?,0.0,1
Annotator5,3842cfb5-75db-49b9-8f29-3fab33b0bc35,Does the content make sense?,1.0,1
Annotator5,3842cfb5-75db-49b9-8f29-3fab33b0bc35,"Is this fluent, human-written Estonian?",1.0,3
Annotator1,3e78a5eb-77bd-4888-993a-bfdc1356970e,"Is this fluent, human-written Estonian?",2.0,3
Annotator1,3e78a5eb-77bd-4888-993a-bfdc1356970e,Does the content make sense?,0.0,1
Annotator2,3e78a5eb-77bd-4888-993a-bfdc1356970e,"Is this fluent, human-written Estonian?",2.0,3
Annotator2,3e78a5eb-77bd-4888-993a-bfdc1356970e,Does the content make sense?,1.0,1
Annotator4,3e78a5eb-77bd-4888-993a-bfdc1356970e,Does the content make sense?,1.0,1
Annotator4,3e78a5eb-77bd-4888-993a-bfdc1356970e,"Is this fluent, human-written Estonian?",1.0,3
Annotator5,3e78a5eb-77bd-4888-993a-bfdc1356970e,Does the content make sense?,1.0,1
Annotator5,3e78a5eb-77bd-4888-993a-bfdc1356970e,"Is this fluent, human-written Estonian?",2.0,3
Annotator1,41bc172c-f78d-4cc0-9a4c-b3843fcfd64d,"Is this fluent, human-written Estonian?",3.0,3
Annotator1,41bc172c-f78d-4cc0-9a4c-b3843fcfd64d,Does the content make sense?,1.0,1
Annotator2,41bc172c-f78d-4cc0-9a4c-b3843fcfd64d,"Is this fluent, human-written Estonian?",2.0,3
Annotator2,41bc172c-f78d-4cc0-9a4c-b3843fcfd64d,Does the content make sense?,1.0,1
Annotator4,41bc172c-f78d-4cc0-9a4c-b3843fcfd64d,Does the content make sense?,1.0,1
Annotator4,41bc172c-f78d-4cc0-9a4c-b3843fcfd64d,"Is this fluent, human-written Estonian?",3.0,3
Annotator5,41bc172c-f78d-4cc0-9a4c-b3843fcfd64d,Does the content make sense?,1.0,1
Annotator5,41bc172c-f78d-4cc0-9a4c-b3843fcfd64d,"Is this fluent, human-written Estonian?",2.0,3
Annotator1,455ef472-dd6b-4133-baa9-319ed0686b2a,Does the content make sense?,1.0,1
Annotator1,455ef472-dd6b-4133-baa9-319ed0686b2a,"Is this fluent, human-written Estonian?",2.0,3
Annotator2,455ef472-dd6b-4133-baa9-319ed0686b2a,"Is this fluent, human-written Estonian?",2.0,3
Annotator2,455ef472-dd6b-4133-baa9-319ed0686b2a,Does the content make sense?,0.0,1
Annotator4,455ef472-dd6b-4133-baa9-319ed0686b2a,Does the content make sense?,0.0,1
Annotator4,455ef472-dd6b-4133-baa9-319ed0686b2a,"Is this fluent, human-written Estonian?",2.0,3
Annotator5,455ef472-dd6b-4133-baa9-319ed0686b2a,Does the content make sense?,0.0,1
Annotator5,455ef472-dd6b-4133-baa9-319ed0686b2a,"Is this fluent, human-written Estonian?",1.0,3
Annotator1,46356d80-7ae5-4453-aa4d-f047b4734909,"Is this fluent, human-written Estonian?",3.0,3
Annotator1,46356d80-7ae5-4453-aa4d-f047b4734909,Does the content make sense?,1.0,1
Annotator2,46356d80-7ae5-4453-aa4d-f047b4734909,"Is this fluent, human-written Estonian?",2.0,3
Annotator2,46356d80-7ae5-4453-aa4d-f047b4734909,Does the content make sense?,1.0,1
Annotator4,46356d80-7ae5-4453-aa4d-f047b4734909,Does the content make sense?,1.0,1
Annotator4,46356d80-7ae5-4453-aa4d-f047b4734909,"Is this fluent, human-written Estonian?",2.0,3
Annotator5,46356d80-7ae5-4453-aa4d-f047b4734909,"Is this fluent, human-written Estonian?",2.0,3
Annotator5,46356d80-7ae5-4453-aa4d-f047b4734909,Does the content make sense?,1.0,1
Annotator1,4872962a-9f37-4390-81f6-41de9e947986,Does the content make sense?,1.0,1
Annotator1,4872962a-9f37-4390-81f6-41de9e947986,"Is this fluent, human-written Estonian?",3.0,3
Annotator2,4872962a-9f37-4390-81f6-41de9e947986,"Is this fluent, human-written Estonian?",3.0,3
Annotator2,4872962a-9f37-4390-81f6-41de9e947986,Does the content make sense?,1.0,1
Annotator4,4872962a-9f37-4390-81f6-41de9e947986,"Is this fluent, human-written Estonian?",1.0,3
Annotator4,4872962a-9f37-4390-81f6-41de9e947986,Does the content make sense?,1.0,1
Annotator5,4872962a-9f37-4390-81f6-41de9e947986,Does the content make sense?,1.0,1
Annotator5,4872962a-9f37-4390-81f6-41de9e947986,"Is this fluent, human-written Estonian?",2.0,3
Annotator1,4a2f7f01-ae5e-4fb3-b6e3-3c5cc31bda05,Does the content make sense?,1.0,1
Annotator1,4a2f7f01-ae5e-4fb3-b6e3-3c5cc31bda05,"Is this fluent, human-written Estonian?",1.0,3
Annotator2,4a2f7f01-ae5e-4fb3-b6e3-3c5cc31bda05,Does the content make sense?,0.0,1
Annotator2,4a2f7f01-ae5e-4fb3-b6e3-3c5cc31bda05,"Is this fluent, human-written Estonian?",1.0,3
Annotator4,4a2f7f01-ae5e-4fb3-b6e3-3c5cc31bda05,Does the content make sense?,0.0,1
Annotator4,4a2f7f01-ae5e-4fb3-b6e3-3c5cc31bda05,"Is this fluent, human-written Estonian?",2.0,3
Annotator5,4a2f7f01-ae5e-4fb3-b6e3-3c5cc31bda05,Does the content make sense?,1.0,1
Annotator5,4a2f7f01-ae5e-4fb3-b6e3-3c5cc31bda05,"Is this fluent, human-written Estonian?",2.0,3
Annotator1,4eef28b7-0d14-4592-b717-9593365fab56,"Is this fluent, human-written Estonian?",2.0,3
Annotator1,4eef28b7-0d14-4592-b717-9593365fab56,Does the content make sense?,1.0,1
Annotator2,4eef28b7-0d14-4592-b717-9593365fab56,Does the content make sense?,1.0,1
Annotator2,4eef28b7-0d14-4592-b717-9593365fab56,"Is this fluent, human-written Estonian?",2.0,3
Annotator4,4eef28b7-0d14-4592-b717-9593365fab56,Does the content make sense?,1.0,1
Annotator4,4eef28b7-0d14-4592-b717-9593365fab56,"Is this fluent, human-written Estonian?",2.0,3
Annotator1,511d8988-c487-4879-814b-a8b74d175c96,Does the content make sense?,1.0,1
Annotator1,511d8988-c487-4879-814b-a8b74d175c96,"Is this fluent, human-written Estonian?",3.0,3
Annotator2,511d8988-c487-4879-814b-a8b74d175c96,Does the content make sense?,1.0,1
Annotator2,511d8988-c487-4879-814b-a8b74d175c96,"Is this fluent, human-written Estonian?",3.0,3
Annotator4,511d8988-c487-4879-814b-a8b74d175c96,Does the content make sense?,1.0,1
Annotator4,511d8988-c487-4879-814b-a8b74d175c96,"Is this fluent, human-written Estonian?",3.0,3
Annotator1,56d454b1-c293-488b-82e0-9260ec7d570c,Does the content make sense?,1.0,1
Annotator1,56d454b1-c293-488b-82e0-9260ec7d570c,"Is this fluent, human-written Estonian?",2.0,3
Annotator2,56d454b1-c293-488b-82e0-9260ec7d570c,Does the content make sense?,0.0,1
Annotator2,56d454b1-c293-488b-82e0-9260ec7d570c,"Is this fluent, human-written Estonian?",2.0,3
Annotator4,56d454b1-c293-488b-82e0-9260ec7d570c,Does the content make sense?,0.0,1
Annotator4,56d454b1-c293-488b-82e0-9260ec7d570c,"Is this fluent, human-written Estonian?",2.0,3
Annotator1,57e0149c-2747-4685-aa93-10f02f1198f0,"Is this fluent, human-written Estonian?",2.0,3
Annotator1,57e0149c-2747-4685-aa93-10f02f1198f0,Does the content make sense?,1.0,1
Annotator2,57e0149c-2747-4685-aa93-10f02f1198f0,Does the content make sense?,1.0,1
Annotator2,57e0149c-2747-4685-aa93-10f02f1198f0,"Is this fluent, human-written Estonian?",3.0,3
Annotator4,57e0149c-2747-4685-aa93-10f02f1198f0,"Is this fluent, human-written Estonian?",3.0,3
Annotator4,57e0149c-2747-4685-aa93-10f02f1198f0,Does the content make sense?,1.0,1
Annotator1,57e4696c-9bcd-41df-a050-e58804d0fe65,Does the content make sense?,1.0,1
Annotator1,57e4696c-9bcd-41df-a050-e58804d0fe65,"Is this fluent, human-written Estonian?",2.0,3
Annotator2,57e4696c-9bcd-41df-a050-e58804d0fe65,"Is this fluent, human-written Estonian?",3.0,3
Annotator2,57e4696c-9bcd-41df-a050-e58804d0fe65,Does the content make sense?,1.0,1
Annotator4,57e4696c-9bcd-41df-a050-e58804d0fe65,"Is this fluent, human-written Estonian?",3.0,3
Annotator4,57e4696c-9bcd-41df-a050-e58804d0fe65,Does the content make sense?,1.0,1
Annotator1,5db3636c-c328-41e1-8061-3ad479cfdc29,Does the content make sense?,1.0,1
Annotator1,5db3636c-c328-41e1-8061-3ad479cfdc29,"Is this fluent, human-written Estonian?",2.0,3
Annotator2,5db3636c-c328-41e1-8061-3ad479cfdc29,"Is this fluent, human-written Estonian?",2.0,3
Annotator2,5db3636c-c328-41e1-8061-3ad479cfdc29,Does the content make sense?,1.0,1
Annotator4,5db3636c-c328-41e1-8061-3ad479cfdc29,"Is this fluent, human-written Estonian?",2.0,3
Annotator4,5db3636c-c328-41e1-8061-3ad479cfdc29,Does the content make sense?,1.0,1
Annotator1,5fb831fe-01a7-4add-bb46-645bc1a31923,"Is this fluent, human-written Estonian?",3.0,3
Annotator1,5fb831fe-01a7-4add-bb46-645bc1a31923,Does the content make sense?,1.0,1
Annotator2,5fb831fe-01a7-4add-bb46-645bc1a31923,"Is this fluent, human-written Estonian?",2.0,3
Annotator2,5fb831fe-01a7-4add-bb46-645bc1a31923,Does the content make sense?,1.0,1
Annotator4,5fb831fe-01a7-4add-bb46-645bc1a31923,"Is this fluent, human-written Estonian?",3.0,3
Annotator4,5fb831fe-01a7-4add-bb46-645bc1a31923,Does the content make sense?,1.0,1
Annotator1,64014a67-a939-4a5f-b349-65dabd581c4c,Does the content make sense?,1.0,1
Annotator1,64014a67-a939-4a5f-b349-65dabd581c4c,"Is this fluent, human-written Estonian?",2.0,3
Annotator2,64014a67-a939-4a5f-b349-65dabd581c4c,"Is this fluent, human-written Estonian?",2.0,3
Annotator2,64014a67-a939-4a5f-b349-65dabd581c4c,Does the content make sense?,1.0,1
Annotator4,64014a67-a939-4a5f-b349-65dabd581c4c,"Is this fluent, human-written Estonian?",2.0,3
Annotator4,64014a67-a939-4a5f-b349-65dabd581c4c,Does the content make sense?,1.0,1
Annotator1,641ef288-cd3d-4467-9a82-01301491e424,"Is this fluent, human-written Estonian?",2.0,3
Annotator1,641ef288-cd3d-4467-9a82-01301491e424,Does the content make sense?,1.0,1
Annotator2,641ef288-cd3d-4467-9a82-01301491e424,"Is this fluent, human-written Estonian?",2.0,3
Annotator2,641ef288-cd3d-4467-9a82-01301491e424,Does the content make sense?,1.0,1
Annotator4,641ef288-cd3d-4467-9a82-01301491e424,"Is this fluent, human-written Estonian?",2.0,3
Annotator4,641ef288-cd3d-4467-9a82-01301491e424,Does the content make sense?,1.0,1
Annotator1,686740b9-64ba-416b-adb7-fe14ead0a589,"Is this fluent, human-written Estonian?",1.0,3
Annotator1,686740b9-64ba-416b-adb7-fe14ead0a589,Does the content make sense?,1.0,1
Annotator2,686740b9-64ba-416b-adb7-fe14ead0a589,"Is this fluent, human-written Estonian?",2.0,3
Annotator2,686740b9-64ba-416b-adb7-fe14ead0a589,Does the content make sense?,1.0,1
Annotator4,686740b9-64ba-416b-adb7-fe14ead0a589,"Is this fluent, human-written Estonian?",2.0,3
Annotator4,686740b9-64ba-416b-adb7-fe14ead0a589,Does the content make sense?,1.0,1
Annotator1,6c2416d6-9058-45c6-8adb-caa2d3db7ea3,"Is this fluent, human-written Estonian?",2.0,3
Annotator1,6c2416d6-9058-45c6-8adb-caa2d3db7ea3,Does the content make sense?,1.0,1
Annotator2,6c2416d6-9058-45c6-8adb-caa2d3db7ea3,"Is this fluent, human-written Estonian?",2.0,3
Annotator2,6c2416d6-9058-45c6-8adb-caa2d3db7ea3,Does the content make sense?,1.0,1
Annotator4,6c2416d6-9058-45c6-8adb-caa2d3db7ea3,"Is this fluent, human-written Estonian?",2.0,3
Annotator4,6c2416d6-9058-45c6-8adb-caa2d3db7ea3,Does the content make sense?,1.0,1
Annotator1,6c92107f-089c-4677-86dd-528ea3c0208d,Does the content make sense?,1.0,1
Annotator1,6c92107f-089c-4677-86dd-528ea3c0208d,"Is this fluent, human-written Estonian?",3.0,3
Annotator2,6c92107f-089c-4677-86dd-528ea3c0208d,Does the content make sense?,1.0,1
Annotator2,6c92107f-089c-4677-86dd-528ea3c0208d,"Is this fluent, human-written Estonian?",2.0,3
Annotator4,6c92107f-089c-4677-86dd-528ea3c0208d,"Is this fluent, human-written Estonian?",3.0,3
Annotator4,6c92107f-089c-4677-86dd-528ea3c0208d,Does the content make sense?,1.0,1
Annotator1,6dc94b93-d052-40f1-a435-4160f5c4914a,"Is this fluent, human-written Estonian?",2.0,3
Annotator1,6dc94b93-d052-40f1-a435-4160f5c4914a,Does the content make sense?,1.0,1
Annotator2,6dc94b93-d052-40f1-a435-4160f5c4914a,Does the content make sense?,0.0,1
Annotator2,6dc94b93-d052-40f1-a435-4160f5c4914a,"Is this fluent, human-written Estonian?",1.0,3
Annotator4,6dc94b93-d052-40f1-a435-4160f5c4914a,Does the content make sense?,0.0,1
Annotator4,6dc94b93-d052-40f1-a435-4160f5c4914a,"Is this fluent, human-written Estonian?",2.0,3
Annotator1,6eb8d74b-2a65-456c-bb7d-3898c289a199,Does the content make sense?,1.0,1
Annotator1,6eb8d74b-2a65-456c-bb7d-3898c289a199,"Is this fluent, human-written Estonian?",2.0,3
Annotator2,6eb8d74b-2a65-456c-bb7d-3898c289a199,Does the content make sense?,1.0,1
Annotator2,6eb8d74b-2a65-456c-bb7d-3898c289a199,"Is this fluent, human-written Estonian?",3.0,3
Annotator4,6eb8d74b-2a65-456c-bb7d-3898c289a199,"Is this fluent, human-written Estonian?",3.0,3
Annotator4,6eb8d74b-2a65-456c-bb7d-3898c289a199,Does the content make sense?,1.0,1
Annotator1,6f83929e-aae4-4b94-bc54-b364efcb6c15,"Is this fluent, human-written Estonian?",3.0,3
Annotator1,6f83929e-aae4-4b94-bc54-b364efcb6c15,Does the content make sense?,1.0,1
Annotator2,6f83929e-aae4-4b94-bc54-b364efcb6c15,Does the content make sense?,1.0,1
Annotator2,6f83929e-aae4-4b94-bc54-b364efcb6c15,"Is this fluent, human-written Estonian?",3.0,3
Annotator4,6f83929e-aae4-4b94-bc54-b364efcb6c15,"Is this fluent, human-written Estonian?",2.0,3
Annotator4,6f83929e-aae4-4b94-bc54-b364efcb6c15,Does the content make sense?,1.0,1
Annotator1,73900c85-5471-47b8-a270-efd48868dd4b,"Is this fluent, human-written Estonian?",1.0,3
Annotator1,73900c85-5471-47b8-a270-efd48868dd4b,Does the content make sense?,0.0,1
Annotator2,73900c85-5471-47b8-a270-efd48868dd4b,"Is this fluent, human-written Estonian?",,3
Annotator2,73900c85-5471-47b8-a270-efd48868dd4b,Does the content make sense?,0.0,1
Annotator4,73900c85-5471-47b8-a270-efd48868dd4b,Does the content make sense?,0.0,1
Annotator4,73900c85-5471-47b8-a270-efd48868dd4b,"Is this fluent, human-written Estonian?",1.0,3
Annotator1,73a92794-1b8b-45d5-958b-7f0421e924b4,"Is this fluent, human-written Estonian?",2.0,3
Annotator1,73a92794-1b8b-45d5-958b-7f0421e924b4,Does the content make sense?,1.0,1
Annotator2,73a92794-1b8b-45d5-958b-7f0421e924b4,"Is this fluent, human-written Estonian?",2.0,3
Annotator2,73a92794-1b8b-45d5-958b-7f0421e924b4,Does the content make sense?,1.0,1
Annotator4,73a92794-1b8b-45d5-958b-7f0421e924b4,Does the content make sense?,1.0,1
Annotator4,73a92794-1b8b-45d5-958b-7f0421e924b4,"Is this fluent, human-written Estonian?",2.0,3
Annotator1,75d24493-e45d-46ed-b1b1-6c91537956cd,Does the content make sense?,1.0,1
Annotator1,75d24493-e45d-46ed-b1b1-6c91537956cd,"Is this fluent, human-written Estonian?",2.0,3
Annotator2,75d24493-e45d-46ed-b1b1-6c91537956cd,"Is this fluent, human-written Estonian?",2.0,3
Annotator2,75d24493-e45d-46ed-b1b1-6c91537956cd,Does the content make sense?,1.0,1
Annotator4,75d24493-e45d-46ed-b1b1-6c91537956cd,"Is this fluent, human-written Estonian?",2.0,3
Annotator4,75d24493-e45d-46ed-b1b1-6c91537956cd,Does the content make sense?,1.0,1
Annotator1,7cb4f53c-80a8-40c9-b9b9-1e7cec31b7ee,Does the content make sense?,1.0,1
Annotator1,7cb4f53c-80a8-40c9-b9b9-1e7cec31b7ee,"Is this fluent, human-written Estonian?",2.0,3
Annotator2,7cb4f53c-80a8-40c9-b9b9-1e7cec31b7ee,"Is this fluent, human-written Estonian?",1.0,3
Annotator2,7cb4f53c-80a8-40c9-b9b9-1e7cec31b7ee,Does the content make sense?,1.0,1
Annotator4,7cb4f53c-80a8-40c9-b9b9-1e7cec31b7ee,"Is this fluent, human-written Estonian?",2.0,3
Annotator4,7cb4f53c-80a8-40c9-b9b9-1e7cec31b7ee,Does the content make sense?,1.0,1
Annotator1,7f62aab8-02ce-4c96-998a-6c4cce7dffa5,"Is this fluent, human-written Estonian?",2.0,3
Annotator1,7f62aab8-02ce-4c96-998a-6c4cce7dffa5,Does the content make sense?,1.0,1
Annotator2,7f62aab8-02ce-4c96-998a-6c4cce7dffa5,Does the content make sense?,1.0,1
Annotator2,7f62aab8-02ce-4c96-998a-6c4cce7dffa5,"Is this fluent, human-written Estonian?",2.0,3
Annotator4,7f62aab8-02ce-4c96-998a-6c4cce7dffa5,Does the content make sense?,1.0,1
Annotator4,7f62aab8-02ce-4c96-998a-6c4cce7dffa5,"Is this fluent, human-written Estonian?",2.0,3
Annotator1,807bfd48-721a-46d2-9bf2-36f75c8c2ed6,Does the content make sense?,1.0,1
Annotator1,807bfd48-721a-46d2-9bf2-36f75c8c2ed6,"Is this fluent, human-written Estonian?",3.0,3
Annotator2,807bfd48-721a-46d2-9bf2-36f75c8c2ed6,"Is this fluent, human-written Estonian?",2.0,3
Annotator2,807bfd48-721a-46d2-9bf2-36f75c8c2ed6,Does the content make sense?,1.0,1
Annotator4,807bfd48-721a-46d2-9bf2-36f75c8c2ed6,"Is this fluent, human-written Estonian?",3.0,3
Annotator4,807bfd48-721a-46d2-9bf2-36f75c8c2ed6,Does the content make sense?,1.0,1
Annotator1,80b896d1-a787-47af-9ba6-b1b18d37d9d3,"Is this fluent, human-written Estonian?",2.0,3
Annotator1,80b896d1-a787-47af-9ba6-b1b18d37d9d3,Does the content make sense?,1.0,1
Annotator2,80b896d1-a787-47af-9ba6-b1b18d37d9d3,"Is this fluent, human-written Estonian?",1.0,3
Annotator2,80b896d1-a787-47af-9ba6-b1b18d37d9d3,Does the content make sense?,1.0,1
Annotator4,80b896d1-a787-47af-9ba6-b1b18d37d9d3,"Is this fluent, human-written Estonian?",1.0,3
Annotator4,80b896d1-a787-47af-9ba6-b1b18d37d9d3,Does the content make sense?,1.0,1
Annotator1,87c44dcc-c20b-434b-9206-6fae8a7b5508,"Is this fluent, human-written Estonian?",2.0,3
Annotator1,87c44dcc-c20b-434b-9206-6fae8a7b5508,Does the content make sense?,1.0,1
Annotator2,87c44dcc-c20b-434b-9206-6fae8a7b5508,"Is this fluent, human-written Estonian?",2.0,3
Annotator2,87c44dcc-c20b-434b-9206-6fae8a7b5508,Does the content make sense?,0.0,1
Annotator4,87c44dcc-c20b-434b-9206-6fae8a7b5508,Does the content make sense?,0.0,1
Annotator4,87c44dcc-c20b-434b-9206-6fae8a7b5508,"Is this fluent, human-written Estonian?",2.0,3
Annotator1,87dd789b-e22d-43f4-a6c3-527a63ab04a1,Does the content make sense?,1.0,1
Annotator1,87dd789b-e22d-43f4-a6c3-527a63ab04a1,"Is this fluent, human-written Estonian?",3.0,3
Annotator2,87dd789b-e22d-43f4-a6c3-527a63ab04a1,"Is this fluent, human-written Estonian?",2.0,3
Annotator2,87dd789b-e22d-43f4-a6c3-527a63ab04a1,Does the content make sense?,1.0,1
Annotator4,87dd789b-e22d-43f4-a6c3-527a63ab04a1,"Is this fluent, human-written Estonian?",2.0,3
Annotator4,87dd789b-e22d-43f4-a6c3-527a63ab04a1,Does the content make sense?,1.0,1
Annotator1,8adde8a0-8b3a-465d-b889-47a3b4d47a75,"Is this fluent, human-written Estonian?",2.0,3
Annotator1,8adde8a0-8b3a-465d-b889-47a3b4d47a75,Does the content make sense?,1.0,1
Annotator2,8adde8a0-8b3a-465d-b889-47a3b4d47a75,"Is this fluent, human-written Estonian?",1.0,3
Annotator2,8adde8a0-8b3a-465d-b889-47a3b4d47a75,Does the content make sense?,1.0,1
Annotator4,8adde8a0-8b3a-465d-b889-47a3b4d47a75,Does the content make sense?,1.0,1
Annotator4,8adde8a0-8b3a-465d-b889-47a3b4d47a75,"Is this fluent, human-written Estonian?",2.0,3
Annotator1,8b5ef546-9d6b-4bec-97c7-0786f39880ac,"Is this fluent, human-written Estonian?",3.0,3
Annotator1,8b5ef546-9d6b-4bec-97c7-0786f39880ac,Does the content make sense?,1.0,1
Annotator2,8b5ef546-9d6b-4bec-97c7-0786f39880ac,Does the content make sense?,0.0,1
Annotator2,8b5ef546-9d6b-4bec-97c7-0786f39880ac,"Is this fluent, human-written Estonian?",3.0,3
Annotator4,8b5ef546-9d6b-4bec-97c7-0786f39880ac,Does the content make sense?,0.0,1
Annotator4,8b5ef546-9d6b-4bec-97c7-0786f39880ac,"Is this fluent, human-written Estonian?",3.0,3
Annotator1,8bccadc1-cdb3-4409-9606-1acbbe1d8c7b,Does the content make sense?,1.0,1
Annotator1,8bccadc1-cdb3-4409-9606-1acbbe1d8c7b,"Is this fluent, human-written Estonian?",1.0,3
Annotator2,8bccadc1-cdb3-4409-9606-1acbbe1d8c7b,Does the content make sense?,1.0,1
Annotator2,8bccadc1-cdb3-4409-9606-1acbbe1d8c7b,"Is this fluent, human-written Estonian?",2.0,3
Annotator4,8bccadc1-cdb3-4409-9606-1acbbe1d8c7b,Does the content make sense?,1.0,1
Annotator4,8bccadc1-cdb3-4409-9606-1acbbe1d8c7b,"Is this fluent, human-written Estonian?",2.0,3
Annotator1,8cff0460-518f-4138-a13a-403ea3f27a87,Does the content make sense?,1.0,1
Annotator1,8cff0460-518f-4138-a13a-403ea3f27a87,"Is this fluent, human-written Estonian?",2.0,3
Annotator2,8cff0460-518f-4138-a13a-403ea3f27a87,"Is this fluent, human-written Estonian?",2.0,3
Annotator2,8cff0460-518f-4138-a13a-403ea3f27a87,Does the content make sense?,1.0,1
Annotator4,8cff0460-518f-4138-a13a-403ea3f27a87,Does the content make sense?,1.0,1
Annotator4,8cff0460-518f-4138-a13a-403ea3f27a87,"Is this fluent, human-written Estonian?",2.0,3
Annotator1,8d56add4-84e9-4301-8bb3-b7b209eb7ddd,Does the content make sense?,1.0,1
Annotator1,8d56add4-84e9-4301-8bb3-b7b209eb7ddd,"Is this fluent, human-written Estonian?",2.0,3
Annotator2,8d56add4-84e9-4301-8bb3-b7b209eb7ddd,Does the content make sense?,1.0,1
Annotator2,8d56add4-84e9-4301-8bb3-b7b209eb7ddd,"Is this fluent, human-written Estonian?",3.0,3
Annotator4,8d56add4-84e9-4301-8bb3-b7b209eb7ddd,"Is this fluent, human-written Estonian?",2.0,3
Annotator4,8d56add4-84e9-4301-8bb3-b7b209eb7ddd,Does the content make sense?,1.0,1
Annotator1,8ddff251-406c-450c-9a80-428a0b311870,"Is this fluent, human-written Estonian?",2.0,3
Annotator1,8ddff251-406c-450c-9a80-428a0b311870,Does the content make sense?,1.0,1
Annotator2,8ddff251-406c-450c-9a80-428a0b311870,Does the content make sense?,1.0,1
Annotator2,8ddff251-406c-450c-9a80-428a0b311870,"Is this fluent, human-written Estonian?",2.0,3
Annotator4,8ddff251-406c-450c-9a80-428a0b311870,"Is this fluent, human-written Estonian?",2.0,3
Annotator4,8ddff251-406c-450c-9a80-428a0b311870,Does the content make sense?,1.0,1
Annotator1,8e26269b-1777-477e-9818-46ae39fecf8b,"Is this fluent, human-written Estonian?",3.0,3
Annotator1,8e26269b-1777-477e-9818-46ae39fecf8b,Does the content make sense?,1.0,1
Annotator2,8e26269b-1777-477e-9818-46ae39fecf8b,"Is this fluent, human-written Estonian?",3.0,3
Annotator2,8e26269b-1777-477e-9818-46ae39fecf8b,Does the content make sense?,1.0,1
Annotator4,8e26269b-1777-477e-9818-46ae39fecf8b,"Is this fluent, human-written Estonian?",3.0,3
Annotator4,8e26269b-1777-477e-9818-46ae39fecf8b,Does the content make sense?,1.0,1
Annotator1,8f283b8c-b383-44e1-b9a9-c6f285b7d192,"Is this fluent, human-written Estonian?",2.0,3
Annotator1,8f283b8c-b383-44e1-b9a9-c6f285b7d192,Does the content make sense?,1.0,1
Annotator2,8f283b8c-b383-44e1-b9a9-c6f285b7d192,"Is this fluent, human-written Estonian?",2.0,3
Annotator2,8f283b8c-b383-44e1-b9a9-c6f285b7d192,Does the content make sense?,1.0,1
Annotator4,8f283b8c-b383-44e1-b9a9-c6f285b7d192,Does the content make sense?,1.0,1
Annotator4,8f283b8c-b383-44e1-b9a9-c6f285b7d192,"Is this fluent, human-written Estonian?",2.0,3
Annotator1,90171c91-beea-4ddd-9128-995dbaa4d905,"Is this fluent, human-written Estonian?",2.0,3
Annotator1,90171c91-beea-4ddd-9128-995dbaa4d905,Does the content make sense?,1.0,1
Annotator2,90171c91-beea-4ddd-9128-995dbaa4d905,Does the content make sense?,1.0,1
Annotator2,90171c91-beea-4ddd-9128-995dbaa4d905,"Is this fluent, human-written Estonian?",2.0,3
Annotator4,90171c91-beea-4ddd-9128-995dbaa4d905,Does the content make sense?,1.0,1
Annotator4,90171c91-beea-4ddd-9128-995dbaa4d905,"Is this fluent, human-written Estonian?",2.0,3
Annotator1,902cbbcf-bd59-427a-9c20-01ad3db1615f,Does the content make sense?,1.0,1
Annotator1,902cbbcf-bd59-427a-9c20-01ad3db1615f,"Is this fluent, human-written Estonian?",2.0,3
Annotator2,902cbbcf-bd59-427a-9c20-01ad3db1615f,Does the content make sense?,1.0,1
Annotator2,902cbbcf-bd59-427a-9c20-01ad3db1615f,"Is this fluent, human-written Estonian?",2.0,3
Annotator4,902cbbcf-bd59-427a-9c20-01ad3db1615f,"Is this fluent, human-written Estonian?",2.0,3
Annotator4,902cbbcf-bd59-427a-9c20-01ad3db1615f,Does the content make sense?,1.0,1
Annotator1,9282f61e-7240-46c1-a23a-5117b06382cf,"Is this fluent, human-written Estonian?",2.0,3
Annotator1,9282f61e-7240-46c1-a23a-5117b06382cf,Does the content make sense?,1.0,1
Annotator2,9282f61e-7240-46c1-a23a-5117b06382cf,Does the content make sense?,0.0,1
Annotator2,9282f61e-7240-46c1-a23a-5117b06382cf,"Is this fluent, human-written Estonian?",3.0,3
Annotator4,9282f61e-7240-46c1-a23a-5117b06382cf,"Is this fluent, human-written Estonian?",2.0,3
Annotator4,9282f61e-7240-46c1-a23a-5117b06382cf,Does the content make sense?,1.0,1
Annotator1,92a4986b-13d5-4d7c-b786-cae5f757f9fd,"Is this fluent, human-written Estonian?",1.0,3
Annotator1,92a4986b-13d5-4d7c-b786-cae5f757f9fd,Does the content make sense?,1.0,1
Annotator2,92a4986b-13d5-4d7c-b786-cae5f757f9fd,Does the content make sense?,,1
Annotator2,92a4986b-13d5-4d7c-b786-cae5f757f9fd,"Is this fluent, human-written Estonian?",2.0,3
Annotator4,92a4986b-13d5-4d7c-b786-cae5f757f9fd,Does the content make sense?,1.0,1
Annotator4,92a4986b-13d5-4d7c-b786-cae5f757f9fd,"Is this fluent, human-written Estonian?",1.0,3
Annotator1,93a94932-3e51-462a-a734-9679d6b0a4ac,Does the content make sense?,1.0,1
Annotator1,93a94932-3e51-462a-a734-9679d6b0a4ac,"Is this fluent, human-written Estonian?",3.0,3
Annotator2,93a94932-3e51-462a-a734-9679d6b0a4ac,Does the content make sense?,1.0,1
Annotator2,93a94932-3e51-462a-a734-9679d6b0a4ac,"Is this fluent, human-written Estonian?",2.0,3
Annotator4,93a94932-3e51-462a-a734-9679d6b0a4ac,Does the content make sense?,1.0,1
Annotator4,93a94932-3e51-462a-a734-9679d6b0a4ac,"Is this fluent, human-written Estonian?",2.0,3
Annotator1,96b18d3b-a820-41b6-aded-87088fc73b10,Does the content make sense?,1.0,1
Annotator1,96b18d3b-a820-41b6-aded-87088fc73b10,"Is this fluent, human-written Estonian?",2.0,3
Annotator2,96b18d3b-a820-41b6-aded-87088fc73b10,Does the content make sense?,1.0,1
Annotator2,96b18d3b-a820-41b6-aded-87088fc73b10,"Is this fluent, human-written Estonian?",2.0,3
Annotator4,96b18d3b-a820-41b6-aded-87088fc73b10,"Is this fluent, human-written Estonian?",2.0,3
Annotator4,96b18d3b-a820-41b6-aded-87088fc73b10,Does the content make sense?,1.0,1
Annotator5,96b18d3b-a820-41b6-aded-87088fc73b10,"Is this fluent, human-written Estonian?",1.0,3
Annotator5,96b18d3b-a820-41b6-aded-87088fc73b10,Does the content make sense?,1.0,1
Annotator1,9a29a5e6-2f61-46f5-8ba7-688769506580,"Is this fluent, human-written Estonian?",3.0,3
Annotator1,9a29a5e6-2f61-46f5-8ba7-688769506580,Does the content make sense?,1.0,1
Annotator2,9a29a5e6-2f61-46f5-8ba7-688769506580,"Is this fluent, human-written Estonian?",2.0,3
Annotator2,9a29a5e6-2f61-46f5-8ba7-688769506580,Does the content make sense?,,1
Annotator4,9a29a5e6-2f61-46f5-8ba7-688769506580,Does the content make sense?,1.0,1
Annotator4,9a29a5e6-2f61-46f5-8ba7-688769506580,"Is this fluent, human-written Estonian?",3.0,3
Annotator1,9aaa90e2-746a-4b8b-9e3c-51d494715a3c,Does the content make sense?,1.0,1
Annotator1,9aaa90e2-746a-4b8b-9e3c-51d494715a3c,"Is this fluent, human-written Estonian?",2.0,3
Annotator2,9aaa90e2-746a-4b8b-9e3c-51d494715a3c,Does the content make sense?,1.0,1
Annotator2,9aaa90e2-746a-4b8b-9e3c-51d494715a3c,"Is this fluent, human-written Estonian?",2.0,3
Annotator4,9aaa90e2-746a-4b8b-9e3c-51d494715a3c,Does the content make sense?,1.0,1
Annotator4,9aaa90e2-746a-4b8b-9e3c-51d494715a3c,"Is this fluent, human-written Estonian?",2.0,3
Annotator1,9c7103a2-2989-4a4e-b98b-bdb93c0e3b66,Does the content make sense?,1.0,1
Annotator1,9c7103a2-2989-4a4e-b98b-bdb93c0e3b66,"Is this fluent, human-written Estonian?",3.0,3
Annotator2,9c7103a2-2989-4a4e-b98b-bdb93c0e3b66,"Is this fluent, human-written Estonian?",3.0,3
Annotator2,9c7103a2-2989-4a4e-b98b-bdb93c0e3b66,Does the content make sense?,0.0,1
Annotator4,9c7103a2-2989-4a4e-b98b-bdb93c0e3b66,"Is this fluent, human-written Estonian?",2.0,3
Annotator4,9c7103a2-2989-4a4e-b98b-bdb93c0e3b66,Does the content make sense?,1.0,1
Annotator1,9cc8acb6-4381-4798-94aa-6c5519931126,Does the content make sense?,1.0,1
Annotator1,9cc8acb6-4381-4798-94aa-6c5519931126,"Is this fluent, human-written Estonian?",1.0,3
Annotator2,9cc8acb6-4381-4798-94aa-6c5519931126,Does the content make sense?,0.0,1
Annotator2,9cc8acb6-4381-4798-94aa-6c5519931126,"Is this fluent, human-written Estonian?",2.0,3
Annotator4,9cc8acb6-4381-4798-94aa-6c5519931126,"Is this fluent, human-written Estonian?",1.0,3
Annotator4,9cc8acb6-4381-4798-94aa-6c5519931126,Does the content make sense?,1.0,1
Annotator1,9e1c82da-583b-4585-8658-bb1a61229932,Does the content make sense?,1.0,1
Annotator1,9e1c82da-583b-4585-8658-bb1a61229932,"Is this fluent, human-written Estonian?",2.0,3
Annotator2,9e1c82da-583b-4585-8658-bb1a61229932,"Is this fluent, human-written Estonian?",2.0,3
Annotator2,9e1c82da-583b-4585-8658-bb1a61229932,Does the content make sense?,1.0,1
Annotator4,9e1c82da-583b-4585-8658-bb1a61229932,Does the content make sense?,1.0,1
Annotator4,9e1c82da-583b-4585-8658-bb1a61229932,"Is this fluent, human-written Estonian?",2.0,3
Annotator1,9e58b0ef-0b61-4a36-b526-2b6f1d832714,"Is this fluent, human-written Estonian?",3.0,3
Annotator1,9e58b0ef-0b61-4a36-b526-2b6f1d832714,Does the content make sense?,1.0,1
Annotator2,9e58b0ef-0b61-4a36-b526-2b6f1d832714,"Is this fluent, human-written Estonian?",3.0,3
Annotator2,9e58b0ef-0b61-4a36-b526-2b6f1d832714,Does the content make sense?,1.0,1
Annotator4,9e58b0ef-0b61-4a36-b526-2b6f1d832714,"Is this fluent, human-written Estonian?",3.0,3
Annotator4,9e58b0ef-0b61-4a36-b526-2b6f1d832714,Does the content make sense?,1.0,1
Annotator1,9fa8b1ce-757b-49e9-96f8-330cd8872845,Does the content make sense?,1.0,1
Annotator1,9fa8b1ce-757b-49e9-96f8-330cd8872845,"Is this fluent, human-written Estonian?",1.0,3
Annotator2,9fa8b1ce-757b-49e9-96f8-330cd8872845,"Is this fluent, human-written Estonian?",2.0,3
Annotator2,9fa8b1ce-757b-49e9-96f8-330cd8872845,Does the content make sense?,1.0,1
Annotator4,9fa8b1ce-757b-49e9-96f8-330cd8872845,"Is this fluent, human-written Estonian?",1.0,3
Annotator4,9fa8b1ce-757b-49e9-96f8-330cd8872845,Does the content make sense?,1.0,1
Annotator1,a09c6f20-aec3-4d8c-9594-6525cbcb9fbb,"Is this fluent, human-written Estonian?",2.0,3
Annotator1,a09c6f20-aec3-4d8c-9594-6525cbcb9fbb,Does the content make sense?,1.0,1
Annotator2,a09c6f20-aec3-4d8c-9594-6525cbcb9fbb,"Is this fluent, human-written Estonian?",3.0,3
Annotator2,a09c6f20-aec3-4d8c-9594-6525cbcb9fbb,Does the content make sense?,1.0,1
Annotator4,a09c6f20-aec3-4d8c-9594-6525cbcb9fbb,"Is this fluent, human-written Estonian?",2.0,3
Annotator4,a09c6f20-aec3-4d8c-9594-6525cbcb9fbb,Does the content make sense?,1.0,1
Annotator1,a19d4925-ee5c-4c86-bfeb-9303c13e8416,"Is this fluent, human-written Estonian?",2.0,3
Annotator1,a19d4925-ee5c-4c86-bfeb-9303c13e8416,Does the content make sense?,1.0,1
Annotator2,a19d4925-ee5c-4c86-bfeb-9303c13e8416,Does the content make sense?,1.0,1
Annotator2,a19d4925-ee5c-4c86-bfeb-9303c13e8416,"Is this fluent, human-written Estonian?",3.0,3
Annotator4,a19d4925-ee5c-4c86-bfeb-9303c13e8416,Does the content make sense?,1.0,1
Annotator4,a19d4925-ee5c-4c86-bfeb-9303c13e8416,"Is this fluent, human-written Estonian?",1.0,3
Annotator1,a19f7dc6-78ef-4897-81ef-654bce6a20b4,"Is this fluent, human-written Estonian?",2.0,3
Annotator1,a19f7dc6-78ef-4897-81ef-654bce6a20b4,Does the content make sense?,1.0,1
Annotator2,a19f7dc6-78ef-4897-81ef-654bce6a20b4,"Is this fluent, human-written Estonian?",3.0,3
Annotator2,a19f7dc6-78ef-4897-81ef-654bce6a20b4,Does the content make sense?,1.0,1
Annotator4,a19f7dc6-78ef-4897-81ef-654bce6a20b4,"Is this fluent, human-written Estonian?",3.0,3
Annotator4,a19f7dc6-78ef-4897-81ef-654bce6a20b4,Does the content make sense?,1.0,1
Annotator1,a31c201b-13d5-42ee-84c1-b7bf9e58e0d5,Does the content make sense?,1.0,1
Annotator1,a31c201b-13d5-42ee-84c1-b7bf9e58e0d5,"Is this fluent, human-written Estonian?",2.0,3
Annotator2,a31c201b-13d5-42ee-84c1-b7bf9e58e0d5,"Is this fluent, human-written Estonian?",0.0,3
Annotator2,a31c201b-13d5-42ee-84c1-b7bf9e58e0d5,Does the content make sense?,1.0,1
Annotator4,a31c201b-13d5-42ee-84c1-b7bf9e58e0d5,"Is this fluent, human-written Estonian?",0.0,3
Annotator4,a31c201b-13d5-42ee-84c1-b7bf9e58e0d5,Does the content make sense?,1.0,1
Annotator1,a3cb6be6-5850-470a-8755-27be47b07bc6,"Is this fluent, human-written Estonian?",3.0,3
Annotator1,a3cb6be6-5850-470a-8755-27be47b07bc6,Does the content make sense?,1.0,1
Annotator2,a3cb6be6-5850-470a-8755-27be47b07bc6,Does the content make sense?,0.0,1
Annotator2,a3cb6be6-5850-470a-8755-27be47b07bc6,"Is this fluent, human-written Estonian?",3.0,3
Annotator4,a3cb6be6-5850-470a-8755-27be47b07bc6,Does the content make sense?,1.0,1
Annotator4,a3cb6be6-5850-470a-8755-27be47b07bc6,"Is this fluent, human-written Estonian?",2.0,3
Annotator1,a597a526-aef2-4df9-80b7-7a45c1417eeb,"Is this fluent, human-written Estonian?",1.0,3
Annotator1,a597a526-aef2-4df9-80b7-7a45c1417eeb,Does the content make sense?,0.0,1
Annotator2,a597a526-aef2-4df9-80b7-7a45c1417eeb,Does the content make sense?,0.0,1
Annotator2,a597a526-aef2-4df9-80b7-7a45c1417eeb,"Is this fluent, human-written Estonian?",2.0,3
Annotator4,a597a526-aef2-4df9-80b7-7a45c1417eeb,"Is this fluent, human-written Estonian?",1.0,3
Annotator4,a597a526-aef2-4df9-80b7-7a45c1417eeb,Does the content make sense?,1.0,1
Annotator1,a653ac50-ecf7-49da-b8c8-4e247bd6ed7d,"Is this fluent, human-written Estonian?",2.0,3
Annotator1,a653ac50-ecf7-49da-b8c8-4e247bd6ed7d,Does the content make sense?,1.0,1
Annotator2,a653ac50-ecf7-49da-b8c8-4e247bd6ed7d,Does the content make sense?,1.0,1
Annotator2,a653ac50-ecf7-49da-b8c8-4e247bd6ed7d,"Is this fluent, human-written Estonian?",3.0,3
Annotator4,a653ac50-ecf7-49da-b8c8-4e247bd6ed7d,"Is this fluent, human-written Estonian?",2.0,3
Annotator4,a653ac50-ecf7-49da-b8c8-4e247bd6ed7d,Does the content make sense?,1.0,1
Annotator1,a76ae161-e031-4a33-99a4-e00403250b6e,"Is this fluent, human-written Estonian?",2.0,3
Annotator1,a76ae161-e031-4a33-99a4-e00403250b6e,Does the content make sense?,1.0,1
Annotator2,a76ae161-e031-4a33-99a4-e00403250b6e,Does the content make sense?,1.0,1
Annotator2,a76ae161-e031-4a33-99a4-e00403250b6e,"Is this fluent, human-written Estonian?",1.0,3
Annotator4,a76ae161-e031-4a33-99a4-e00403250b6e,Does the content make sense?,1.0,1
Annotator4,a76ae161-e031-4a33-99a4-e00403250b6e,"Is this fluent, human-written Estonian?",1.0,3
Annotator1,a7f8bcae-94b0-43a9-a50e-33cdbadc6d07,Does the content make sense?,1.0,1
Annotator1,a7f8bcae-94b0-43a9-a50e-33cdbadc6d07,"Is this fluent, human-written Estonian?",3.0,3
Annotator2,a7f8bcae-94b0-43a9-a50e-33cdbadc6d07,"Is this fluent, human-written Estonian?",3.0,3
Annotator2,a7f8bcae-94b0-43a9-a50e-33cdbadc6d07,Does the content make sense?,1.0,1
Annotator4,a7f8bcae-94b0-43a9-a50e-33cdbadc6d07,"Is this fluent, human-written Estonian?",3.0,3
Annotator4,a7f8bcae-94b0-43a9-a50e-33cdbadc6d07,Does the content make sense?,1.0,1
Annotator1,a864fed3-af3c-47fe-aa68-b483dfdcca45,"Is this fluent, human-written Estonian?",2.0,3
Annotator1,a864fed3-af3c-47fe-aa68-b483dfdcca45,Does the content make sense?,1.0,1
Annotator2,a864fed3-af3c-47fe-aa68-b483dfdcca45,Does the content make sense?,1.0,1
Annotator2,a864fed3-af3c-47fe-aa68-b483dfdcca45,"Is this fluent, human-written Estonian?",2.0,3
Annotator4,a864fed3-af3c-47fe-aa68-b483dfdcca45,"Is this fluent, human-written Estonian?",2.0,3
Annotator4,a864fed3-af3c-47fe-aa68-b483dfdcca45,Does the content make sense?,1.0,1
Annotator1,ab30ffb6-bbdf-4c04-bca9-882a1256f176,"Is this fluent, human-written Estonian?",1.0,3
Annotator1,ab30ffb6-bbdf-4c04-bca9-882a1256f176,Does the content make sense?,1.0,1
Annotator2,ab30ffb6-bbdf-4c04-bca9-882a1256f176,Does the content make sense?,1.0,1
Annotator2,ab30ffb6-bbdf-4c04-bca9-882a1256f176,"Is this fluent, human-written Estonian?",1.0,3
Annotator4,ab30ffb6-bbdf-4c04-bca9-882a1256f176,Does the content make sense?,1.0,1
Annotator4,ab30ffb6-bbdf-4c04-bca9-882a1256f176,"Is this fluent, human-written Estonian?",1.0,3
Annotator1,ad081edb-41b3-4e5a-91bd-36f8f2bc5e58,"Is this fluent, human-written Estonian?",3.0,3
Annotator1,ad081edb-41b3-4e5a-91bd-36f8f2bc5e58,Does the content make sense?,1.0,1
Annotator2,ad081edb-41b3-4e5a-91bd-36f8f2bc5e58,Does the content make sense?,1.0,1
Annotator2,ad081edb-41b3-4e5a-91bd-36f8f2bc5e58,"Is this fluent, human-written Estonian?",3.0,3
Annotator4,ad081edb-41b3-4e5a-91bd-36f8f2bc5e58,Does the content make sense?,1.0,1
Annotator4,ad081edb-41b3-4e5a-91bd-36f8f2bc5e58,"Is this fluent, human-written Estonian?",3.0,3
Annotator1,af9115de-f523-4adb-aec9-bbfb70784976,Does the content make sense?,1.0,1
Annotator1,af9115de-f523-4adb-aec9-bbfb70784976,"Is this fluent, human-written Estonian?",2.0,3
Annotator2,af9115de-f523-4adb-aec9-bbfb70784976,"Is this fluent, human-written Estonian?",2.0,3
Annotator2,af9115de-f523-4adb-aec9-bbfb70784976,Does the content make sense?,0.0,1
Annotator4,af9115de-f523-4adb-aec9-bbfb70784976,Does the content make sense?,0.0,1
Annotator4,af9115de-f523-4adb-aec9-bbfb70784976,"Is this fluent, human-written Estonian?",2.0,3
Annotator1,b391a09a-94c2-4aa1-9be0-1e96635bd4b0,"Is this fluent, human-written Estonian?",1.0,3
Annotator1,b391a09a-94c2-4aa1-9be0-1e96635bd4b0,Does the content make sense?,1.0,1
Annotator2,b391a09a-94c2-4aa1-9be0-1e96635bd4b0,"Is this fluent, human-written Estonian?",0.0,3
Annotator2,b391a09a-94c2-4aa1-9be0-1e96635bd4b0,Does the content make sense?,0.0,1
Annotator4,b391a09a-94c2-4aa1-9be0-1e96635bd4b0,Does the content make sense?,0.0,1
Annotator4,b391a09a-94c2-4aa1-9be0-1e96635bd4b0,"Is this fluent, human-written Estonian?",0.0,3
Annotator1,b5da62dd-9efd-4bc4-b440-b2d12b4c5734,"Is this fluent, human-written Estonian?",3.0,3
Annotator1,b5da62dd-9efd-4bc4-b440-b2d12b4c5734,Does the content make sense?,1.0,1
Annotator2,b5da62dd-9efd-4bc4-b440-b2d12b4c5734,"Is this fluent, human-written Estonian?",3.0,3
Annotator2,b5da62dd-9efd-4bc4-b440-b2d12b4c5734,Does the content make sense?,1.0,1
Annotator4,b5da62dd-9efd-4bc4-b440-b2d12b4c5734,Does the content make sense?,1.0,1
Annotator4,b5da62dd-9efd-4bc4-b440-b2d12b4c5734,"Is this fluent, human-written Estonian?",3.0,3
Annotator1,bc13f870-071a-4f6d-aade-876e96ef26a4,"Is this fluent, human-written Estonian?",1.0,3
Annotator1,bc13f870-071a-4f6d-aade-876e96ef26a4,Does the content make sense?,1.0,1
Annotator2,bc13f870-071a-4f6d-aade-876e96ef26a4,Does the content make sense?,0.0,1
Annotator2,bc13f870-071a-4f6d-aade-876e96ef26a4,"Is this fluent, human-written Estonian?",3.0,3
Annotator4,bc13f870-071a-4f6d-aade-876e96ef26a4,"Is this fluent, human-written Estonian?",2.0,3
Annotator4,bc13f870-071a-4f6d-aade-876e96ef26a4,Does the content make sense?,1.0,1
Annotator1,bc70f9b2-77a4-4481-9af1-4084a5aa7de1,"Is this fluent, human-written Estonian?",1.0,3
Annotator1,bc70f9b2-77a4-4481-9af1-4084a5aa7de1,Does the content make sense?,1.0,1
Annotator2,bc70f9b2-77a4-4481-9af1-4084a5aa7de1,"Is this fluent, human-written Estonian?",2.0,3
Annotator2,bc70f9b2-77a4-4481-9af1-4084a5aa7de1,Does the content make sense?,1.0,1
Annotator4,bc70f9b2-77a4-4481-9af1-4084a5aa7de1,"Is this fluent, human-written Estonian?",1.0,3
Annotator4,bc70f9b2-77a4-4481-9af1-4084a5aa7de1,Does the content make sense?,1.0,1
Annotator1,bd912013-9102-48a9-9bab-f8b3eeda302a,"Is this fluent, human-written Estonian?",2.0,3
Annotator1,bd912013-9102-48a9-9bab-f8b3eeda302a,Does the content make sense?,1.0,1
Annotator2,bd912013-9102-48a9-9bab-f8b3eeda302a,Does the content make sense?,0.0,1
Annotator2,bd912013-9102-48a9-9bab-f8b3eeda302a,"Is this fluent, human-written Estonian?",2.0,3
Annotator4,bd912013-9102-48a9-9bab-f8b3eeda302a,Does the content make sense?,1.0,1
Annotator4,bd912013-9102-48a9-9bab-f8b3eeda302a,"Is this fluent, human-written Estonian?",2.0,3
Annotator1,c5b612af-90b4-4308-ae10-594123def32c,"Is this fluent, human-written Estonian?",2.0,3
Annotator1,c5b612af-90b4-4308-ae10-594123def32c,Does the content make sense?,1.0,1
Annotator2,c5b612af-90b4-4308-ae10-594123def32c,"Is this fluent, human-written Estonian?",2.0,3
Annotator2,c5b612af-90b4-4308-ae10-594123def32c,Does the content make sense?,1.0,1
Annotator4,c5b612af-90b4-4308-ae10-594123def32c,Does the content make sense?,1.0,1
Annotator4,c5b612af-90b4-4308-ae10-594123def32c,"Is this fluent, human-written Estonian?",3.0,3
Annotator1,c9e051f1-48cb-4079-ae27-2551a4252659,Does the content make sense?,1.0,1
Annotator1,c9e051f1-48cb-4079-ae27-2551a4252659,"Is this fluent, human-written Estonian?",2.0,3
Annotator2,c9e051f1-48cb-4079-ae27-2551a4252659,"Is this fluent, human-written Estonian?",2.0,3
Annotator2,c9e051f1-48cb-4079-ae27-2551a4252659,Does the content make sense?,1.0,1
Annotator4,c9e051f1-48cb-4079-ae27-2551a4252659,Does the content make sense?,1.0,1
Annotator4,c9e051f1-48cb-4079-ae27-2551a4252659,"Is this fluent, human-written Estonian?",2.0,3
Annotator1,cd0ba297-6687-4498-b92c-6bc8d990f2cf,Does the content make sense?,1.0,1
Annotator1,cd0ba297-6687-4498-b92c-6bc8d990f2cf,"Is this fluent, human-written Estonian?",3.0,3
Annotator2,cd0ba297-6687-4498-b92c-6bc8d990f2cf,"Is this fluent, human-written Estonian?",2.0,3
Annotator2,cd0ba297-6687-4498-b92c-6bc8d990f2cf,Does the content make sense?,0.0,1
Annotator4,cd0ba297-6687-4498-b92c-6bc8d990f2cf,"Is this fluent, human-written Estonian?",1.0,3
Annotator4,cd0ba297-6687-4498-b92c-6bc8d990f2cf,Does the content make sense?,1.0,1
Annotator1,ce2cf258-ca5f-4ae8-83ef-932dca60d1cb,"Is this fluent, human-written Estonian?",3.0,3
Annotator1,ce2cf258-ca5f-4ae8-83ef-932dca60d1cb,Does the content make sense?,1.0,1
Annotator2,ce2cf258-ca5f-4ae8-83ef-932dca60d1cb,Does the content make sense?,1.0,1
Annotator2,ce2cf258-ca5f-4ae8-83ef-932dca60d1cb,"Is this fluent, human-written Estonian?",3.0,3
Annotator4,ce2cf258-ca5f-4ae8-83ef-932dca60d1cb,"Is this fluent, human-written Estonian?",3.0,3
Annotator4,ce2cf258-ca5f-4ae8-83ef-932dca60d1cb,Does the content make sense?,1.0,1
Annotator1,d42bf8bb-ceb6-4c84-b327-d59334e0064b,"Is this fluent, human-written Estonian?",2.0,3
Annotator1,d42bf8bb-ceb6-4c84-b327-d59334e0064b,Does the content make sense?,1.0,1
Annotator2,d42bf8bb-ceb6-4c84-b327-d59334e0064b,Does the content make sense?,1.0,1
Annotator2,d42bf8bb-ceb6-4c84-b327-d59334e0064b,"Is this fluent, human-written Estonian?",2.0,3
Annotator4,d42bf8bb-ceb6-4c84-b327-d59334e0064b,"Is this fluent, human-written Estonian?",2.0,3
Annotator4,d42bf8bb-ceb6-4c84-b327-d59334e0064b,Does the content make sense?,1.0,1
Annotator1,d5cdef25-fe17-44ee-9f45-9191f38df68f,Does the content make sense?,1.0,1
Annotator1,d5cdef25-fe17-44ee-9f45-9191f38df68f,"Is this fluent, human-written Estonian?",2.0,3
Annotator2,d5cdef25-fe17-44ee-9f45-9191f38df68f,"Is this fluent, human-written Estonian?",3.0,3
Annotator2,d5cdef25-fe17-44ee-9f45-9191f38df68f,Does the content make sense?,1.0,1
Annotator4,d5cdef25-fe17-44ee-9f45-9191f38df68f,"Is this fluent, human-written Estonian?",2.0,3
Annotator4,d5cdef25-fe17-44ee-9f45-9191f38df68f,Does the content make sense?,1.0,1
Annotator1,d8ac4314-51b1-49be-8124-23703d3bc5e2,"Is this fluent, human-written Estonian?",2.0,3
Annotator1,d8ac4314-51b1-49be-8124-23703d3bc5e2,Does the content make sense?,1.0,1
Annotator2,d8ac4314-51b1-49be-8124-23703d3bc5e2,"Is this fluent, human-written Estonian?",1.0,3
Annotator2,d8ac4314-51b1-49be-8124-23703d3bc5e2,Does the content make sense?,1.0,1
Annotator4,d8ac4314-51b1-49be-8124-23703d3bc5e2,"Is this fluent, human-written Estonian?",1.0,3
Annotator4,d8ac4314-51b1-49be-8124-23703d3bc5e2,Does the content make sense?,1.0,1
Annotator1,de065ae2-c22d-4c85-ad9e-e9e93817008d,Does the content make sense?,1.0,1
Annotator1,de065ae2-c22d-4c85-ad9e-e9e93817008d,"Is this fluent, human-written Estonian?",3.0,3
Annotator2,de065ae2-c22d-4c85-ad9e-e9e93817008d,"Is this fluent, human-written Estonian?",3.0,3
Annotator2,de065ae2-c22d-4c85-ad9e-e9e93817008d,Does the content make sense?,1.0,1
Annotator4,de065ae2-c22d-4c85-ad9e-e9e93817008d,Does the content make sense?,1.0,1
Annotator4,de065ae2-c22d-4c85-ad9e-e9e93817008d,"Is this fluent, human-written Estonian?",3.0,3
Annotator1,e1bd84c7-cff7-4dca-b133-dace4d93574e,"Is this fluent, human-written Estonian?",2.0,3
Annotator1,e1bd84c7-cff7-4dca-b133-dace4d93574e,Does the content make sense?,1.0,1
Annotator2,e1bd84c7-cff7-4dca-b133-dace4d93574e,"Is this fluent, human-written Estonian?",1.0,3
Annotator2,e1bd84c7-cff7-4dca-b133-dace4d93574e,Does the content make sense?,1.0,1
Annotator4,e1bd84c7-cff7-4dca-b133-dace4d93574e,"Is this fluent, human-written Estonian?",1.0,3
Annotator4,e1bd84c7-cff7-4dca-b133-dace4d93574e,Does the content make sense?,1.0,1
Annotator1,e34160bb-6498-46ec-b776-316e2fa25ba0,"Is this fluent, human-written Estonian?",3.0,3
Annotator1,e34160bb-6498-46ec-b776-316e2fa25ba0,Does the content make sense?,1.0,1
Annotator2,e34160bb-6498-46ec-b776-316e2fa25ba0,Does the content make sense?,0.0,1
Annotator2,e34160bb-6498-46ec-b776-316e2fa25ba0,"Is this fluent, human-written Estonian?",3.0,3
Annotator4,e34160bb-6498-46ec-b776-316e2fa25ba0,"Is this fluent, human-written Estonian?",1.0,3
Annotator4,e34160bb-6498-46ec-b776-316e2fa25ba0,Does the content make sense?,1.0,1
Annotator1,e3ab2d26-61de-4f79-ba23-ed81ae2692cd,"Is this fluent, human-written Estonian?",3.0,3
Annotator1,e3ab2d26-61de-4f79-ba23-ed81ae2692cd,Does the content make sense?,0.0,1
Annotator2,e3ab2d26-61de-4f79-ba23-ed81ae2692cd,Does the content make sense?,0.0,1
Annotator2,e3ab2d26-61de-4f79-ba23-ed81ae2692cd,"Is this fluent, human-written Estonian?",2.0,3
Annotator4,e3ab2d26-61de-4f79-ba23-ed81ae2692cd,Does the content make sense?,0.0,1
Annotator4,e3ab2d26-61de-4f79-ba23-ed81ae2692cd,"Is this fluent, human-written Estonian?",3.0,3
Annotator1,e60e21d8-3784-41e6-85f2-e06576deebff,Does the content make sense?,1.0,1
Annotator1,e60e21d8-3784-41e6-85f2-e06576deebff,"Is this fluent, human-written Estonian?",2.0,3
Annotator2,e60e21d8-3784-41e6-85f2-e06576deebff,Does the content make sense?,1.0,1
Annotator2,e60e21d8-3784-41e6-85f2-e06576deebff,"Is this fluent, human-written Estonian?",1.0,3
Annotator4,e60e21d8-3784-41e6-85f2-e06576deebff,Does the content make sense?,1.0,1
Annotator4,e60e21d8-3784-41e6-85f2-e06576deebff,"Is this fluent, human-written Estonian?",2.0,3
Annotator1,e7617cf0-39e8-4902-8f43-debe61e01d34,Does the content make sense?,1.0,1
Annotator1,e7617cf0-39e8-4902-8f43-debe61e01d34,"Is this fluent, human-written Estonian?",2.0,3
Annotator2,e7617cf0-39e8-4902-8f43-debe61e01d34,"Is this fluent, human-written Estonian?",2.0,3
Annotator2,e7617cf0-39e8-4902-8f43-debe61e01d34,Does the content make sense?,0.0,1
Annotator4,e7617cf0-39e8-4902-8f43-debe61e01d34,Does the content make sense?,0.0,1
Annotator4,e7617cf0-39e8-4902-8f43-debe61e01d34,"Is this fluent, human-written Estonian?",2.0,3
Annotator1,f04c9dbd-648f-4517-9646-9a6efc3600e6,Does the content make sense?,1.0,1
Annotator1,f04c9dbd-648f-4517-9646-9a6efc3600e6,"Is this fluent, human-written Estonian?",2.0,3
Annotator2,f04c9dbd-648f-4517-9646-9a6efc3600e6,"Is this fluent, human-written Estonian?",3.0,3
Annotator2,f04c9dbd-648f-4517-9646-9a6efc3600e6,Does the content make sense?,1.0,1
Annotator4,f04c9dbd-648f-4517-9646-9a6efc3600e6,Does the content make sense?,1.0,1
Annotator4,f04c9dbd-648f-4517-9646-9a6efc3600e6,"Is this fluent, human-written Estonian?",2.0,3
Annotator1,f252ed2f-bfd7-4a57-8b9c-c0bba2ef4ab5,"Is this fluent, human-written Estonian?",3.0,3
Annotator1,f252ed2f-bfd7-4a57-8b9c-c0bba2ef4ab5,Does the content make sense?,1.0,1
Annotator2,f252ed2f-bfd7-4a57-8b9c-c0bba2ef4ab5,"Is this fluent, human-written Estonian?",3.0,3
Annotator2,f252ed2f-bfd7-4a57-8b9c-c0bba2ef4ab5,Does the content make sense?,1.0,1
Annotator4,f252ed2f-bfd7-4a57-8b9c-c0bba2ef4ab5,"Is this fluent, human-written Estonian?",3.0,3
Annotator4,f252ed2f-bfd7-4a57-8b9c-c0bba2ef4ab5,Does the content make sense?,1.0,1
Annotator1,f35e8b0f-a0ec-47ab-a8ef-22835e6b8b69,Does the content make sense?,1.0,1
Annotator1,f35e8b0f-a0ec-47ab-a8ef-22835e6b8b69,"Is this fluent, human-written Estonian?",1.0,3
Annotator2,f35e8b0f-a0ec-47ab-a8ef-22835e6b8b69,Does the content make sense?,1.0,1
Annotator2,f35e8b0f-a0ec-47ab-a8ef-22835e6b8b69,"Is this fluent, human-written Estonian?",2.0,3
Annotator4,f35e8b0f-a0ec-47ab-a8ef-22835e6b8b69,"Is this fluent, human-written Estonian?",2.0,3
Annotator4,f35e8b0f-a0ec-47ab-a8ef-22835e6b8b69,Does the content make sense?,1.0,1
Annotator1,f47eb87b-550c-4c7b-a287-82fe24c7a784,Does the content make sense?,0.0,1
Annotator1,f47eb87b-550c-4c7b-a287-82fe24c7a784,"Is this fluent, human-written Estonian?",1.0,3
Annotator2,f47eb87b-550c-4c7b-a287-82fe24c7a784,"Is this fluent, human-written Estonian?",2.0,3
Annotator2,f47eb87b-550c-4c7b-a287-82fe24c7a784,Does the content make sense?,1.0,1
Annotator4,f47eb87b-550c-4c7b-a287-82fe24c7a784,Does the content make sense?,0.0,1
Annotator4,f47eb87b-550c-4c7b-a287-82fe24c7a784,"Is this fluent, human-written Estonian?",2.0,3
Annotator1,f583f462-421c-4bfb-b77d-eacd6a3ac735,Does the content make sense?,1.0,1
Annotator1,f583f462-421c-4bfb-b77d-eacd6a3ac735,"Is this fluent, human-written Estonian?",3.0,3
Annotator2,f583f462-421c-4bfb-b77d-eacd6a3ac735,Does the content make sense?,1.0,1
Annotator2,f583f462-421c-4bfb-b77d-eacd6a3ac735,"Is this fluent, human-written Estonian?",2.0,3
Annotator4,f583f462-421c-4bfb-b77d-eacd6a3ac735,"Is this fluent, human-written Estonian?",2.0,3
Annotator4,f583f462-421c-4bfb-b77d-eacd6a3ac735,Does the content make sense?,1.0,1
Annotator1,fac723da-8492-4333-8000-a87980a58c6b,Does the content make sense?,1.0,1
Annotator1,fac723da-8492-4333-8000-a87980a58c6b,"Is this fluent, human-written Estonian?",2.0,3
Annotator2,fac723da-8492-4333-8000-a87980a58c6b,Does the content make sense?,1.0,1
Annotator2,fac723da-8492-4333-8000-a87980a58c6b,"Is this fluent, human-written Estonian?",2.0,3
Annotator4,fac723da-8492-4333-8000-a87980a58c6b,"Is this fluent, human-written Estonian?",2.0,3
Annotator4,fac723da-8492-4333-8000-a87980a58c6b,Does the content make sense?,1.0,1
Annotator1,fb46f8ab-5312-4515-beb9-1620b2c0c818,"Is this fluent, human-written Estonian?",2.0,3
Annotator1,fb46f8ab-5312-4515-beb9-1620b2c0c818,Does the content make sense?,1.0,1
Annotator2,fb46f8ab-5312-4515-beb9-1620b2c0c818,Does the content make sense?,0.0,1
Annotator2,fb46f8ab-5312-4515-beb9-1620b2c0c818,"Is this fluent, human-written Estonian?",3.0,3
Annotator4,fb46f8ab-5312-4515-beb9-1620b2c0c818,Does the content make sense?,1.0,1
Annotator4,fb46f8ab-5312-4515-beb9-1620b2c0c818,"Is this fluent, human-written Estonian?",2.0,3
Annotator1,fbee8a45-9d5a-47e3-b324-81db3bec4d30,"Is this fluent, human-written Estonian?",2.0,3
Annotator1,fbee8a45-9d5a-47e3-b324-81db3bec4d30,Does the content make sense?,1.0,1
Annotator2,fbee8a45-9d5a-47e3-b324-81db3bec4d30,"Is this fluent, human-written Estonian?",2.0,3
Annotator2,fbee8a45-9d5a-47e3-b324-81db3bec4d30,Does the content make sense?,1.0,1
Annotator4,fbee8a45-9d5a-47e3-b324-81db3bec4d30,"Is this fluent, human-written Estonian?",2.0,3
Annotator4,fbee8a45-9d5a-47e3-b324-81db3bec4d30,Does the content make sense?,1.0,1
Annotator1,fda4b1e4-996f-4f2f-bcc6-d5ff3515db7f,"Is this fluent, human-written Estonian?",2.0,3
Annotator1,fda4b1e4-996f-4f2f-bcc6-d5ff3515db7f,Does the content make sense?,1.0,1
Annotator2,fda4b1e4-996f-4f2f-bcc6-d5ff3515db7f,Does the content make sense?,0.0,1
Annotator2,fda4b1e4-996f-4f2f-bcc6-d5ff3515db7f,"Is this fluent, human-written Estonian?",2.0,3
Annotator4,fda4b1e4-996f-4f2f-bcc6-d5ff3515db7f,"Is this fluent, human-written Estonian?",2.0,3
Annotator4,fda4b1e4-996f-4f2f-bcc6-d5ff3515db7f,Does the content make sense?,0.0,1
Annotator1,fecdfdd0-83c0-4809-9941-07a06b682d64,Does the content make sense?,1.0,1
Annotator1,fecdfdd0-83c0-4809-9941-07a06b682d64,"Is this fluent, human-written Estonian?",2.0,3
Annotator2,fecdfdd0-83c0-4809-9941-07a06b682d64,"Is this fluent, human-written Estonian?",3.0,3
Annotator2,fecdfdd0-83c0-4809-9941-07a06b682d64,Does the content make sense?,1.0,1
Annotator4,fecdfdd0-83c0-4809-9941-07a06b682d64,Does the content make sense?,1.0,1
Annotator4,fecdfdd0-83c0-4809-9941-07a06b682d64,"Is this fluent, human-written Estonian?",2.0,3
